[
  {
    "id": "62d5f060-33c0-48b8-b1cd-7bff5e0ac2ec",
    "data": [
      {
        "text": "add event",
        "userDefined": false
      }
    ],
    "isTemplate": false,
    "count": 0,
    "lang": "en",
    "updated": 0
  },
  {
    "id": "237aa36c-784f-41d1-8391-72bd850f0a15",
    "data": [
      {
        "text": "how add an event",
        "userDefined": false
      }
    ],
    "isTemplate": false,
    "count": 0,
    "lang": "en",
    "updated": 0
  },
  {
    "id": "ec3f42c2-3f2b-475d-b650-cefd1be9f7ad",
    "data": [
      {
        "text": "how add event",
        "userDefined": false
      }
    ],
    "isTemplate": false,
    "count": 0,
    "lang": "en",
    "updated": 0
  },
  {
    "id": "2aa8d19a-251c-41c5-b7c0-faeca9b0e920",
    "data": [
      {
        "text": "how to ",
        "userDefined": false
      },
      {
        "text": "add",
        "userDefined": true
      },
      {
        "text": " and ",
        "userDefined": false
      },
      {
        "text": "event",
        "userDefined": true
      },
      {
        "text": " to ",
        "userDefined": false
      },
      {
        "text": "calendar",
        "userDefined": true
      }
    ],
    "isTemplate": false,
    "count": 0,
    "lang": "en",
    "updated": 0
  }
]