[
  {
    "id": "f65a1ba3-bf5f-4308-9e40-8d6b697a0a13",
    "data": [
      {
        "text": "how edit a event",
        "userDefined": false
      }
    ],
    "isTemplate": false,
    "count": 0,
    "lang": "en",
    "updated": 0
  },
  {
    "id": "f82f780d-64fe-493e-8062-64e9ea8fc315",
    "data": [
      {
        "text": "edit event",
        "userDefined": false
      }
    ],
    "isTemplate": false,
    "count": 0,
    "lang": "en",
    "updated": 0
  },
  {
    "id": "092e3da8-9ea0-413c-9d3c-00b112dcee75",
    "data": [
      {
        "text": "how edit event",
        "userDefined": false
      }
    ],
    "isTemplate": false,
    "count": 0,
    "lang": "en",
    "updated": 0
  },
  {
    "id": "1e9b27c5-1960-4328-88e9-a7c32462e53c",
    "data": [
      {
        "text": "how to ",
        "userDefined": false
      },
      {
        "text": "edit",
        "userDefined": true
      },
      {
        "text": " a ",
        "userDefined": false
      },
      {
        "text": "event",
        "userDefined": true
      }
    ],
    "isTemplate": false,
    "count": 0,
    "lang": "en",
    "updated": 0
  }
]