[
  {
    "id": "22c9242c-1731-48ed-acd7-0ebf65ff8ab9",
    "data": [
      {
        "text": "delete event",
        "userDefined": false
      }
    ],
    "isTemplate": false,
    "count": 0,
    "lang": "en",
    "updated": 0
  },
  {
    "id": "8078feb4-e3bf-485b-ab3b-e152ae233113",
    "data": [
      {
        "text": "how delete an event",
        "userDefined": false
      }
    ],
    "isTemplate": false,
    "count": 0,
    "lang": "en",
    "updated": 0
  },
  {
    "id": "8bac8178-dec0-443e-a93f-3c90b939aacd",
    "data": [
      {
        "text": "how delete event",
        "userDefined": false
      }
    ],
    "isTemplate": false,
    "count": 0,
    "lang": "en",
    "updated": 0
  },
  {
    "id": "5a7c2cd8-46fd-419a-afc4-acc733ea97e9",
    "data": [
      {
        "text": "How to ",
        "userDefined": false
      },
      {
        "text": "delete",
        "userDefined": true
      },
      {
        "text": " an ",
        "userDefined": false
      },
      {
        "text": "event",
        "userDefined": true
      },
      {
        "text": " from the calendar",
        "userDefined": false
      }
    ],
    "isTemplate": false,
    "count": 0,
    "lang": "en",
    "updated": 0
  }
]