[
  {
    "id": "2b36b6ef-ac3a-4c1f-b421-2d218e6183d4",
    "data": [
      {
        "text": "what is this app",
        "userDefined": false
      }
    ],
    "isTemplate": false,
    "count": 0,
    "lang": "en",
    "updated": 0
  },
  {
    "id": "2719bd01-0394-4dab-a37f-d61907fe2455",
    "data": [
      {
        "text": "How does this application work",
        "userDefined": false
      }
    ],
    "isTemplate": false,
    "count": 0,
    "lang": "en",
    "updated": 0
  },
  {
    "id": "86d58317-f22e-4534-adb4-b59f25eeef3d",
    "data": [
      {
        "text": "what does the app do",
        "userDefined": false
      }
    ],
    "isTemplate": false,
    "count": 0,
    "lang": "en",
    "updated": 0
  },
  {
    "id": "23d45f3e-bb11-4502-a067-7ca86bb16014",
    "data": [
      {
        "text": "what can I do in this app",
        "userDefined": false
      }
    ],
    "isTemplate": false,
    "count": 0,
    "lang": "en",
    "updated": 0
  }
]