[
  {
    "id": "16dc51f7-c28e-4d78-9c25-12316d89e59b",
    "data": [
      {
        "text": "I left",
        "userDefined": false
      }
    ],
    "isTemplate": false,
    "count": 0,
    "lang": "en",
    "updated": 0
  },
  {
    "id": "3ff733d5-3c00-489e-aadd-7649f08962ab",
    "data": [
      {
        "text": "exit",
        "userDefined": false
      }
    ],
    "isTemplate": false,
    "count": 0,
    "lang": "en",
    "updated": 0
  },
  {
    "id": "f485386a-f547-412a-b8eb-7d81050fed17",
    "data": [
      {
        "text": "go out",
        "userDefined": false
      }
    ],
    "isTemplate": false,
    "count": 0,
    "lang": "en",
    "updated": 0
  },
  {
    "id": "8f99f439-e997-4030-bbb1-0317c74d7fe2",
    "data": [
      {
        "text": "leave",
        "userDefined": false
      }
    ],
    "isTemplate": false,
    "count": 0,
    "lang": "en",
    "updated": 0
  },
  {
    "id": "27ee9021-0616-4468-982b-eb572509ae96",
    "data": [
      {
        "text": "bye",
        "userDefined": false
      }
    ],
    "isTemplate": false,
    "count": 0,
    "lang": "en",
    "updated": 0
  }
]