[
  {
    "id": "35e836f8-38b8-42bb-af3f-6c304bce2f4f",
    "data": [
      {
        "text": "how navigate",
        "userDefined": false
      }
    ],
    "isTemplate": false,
    "count": 0,
    "lang": "en",
    "updated": 0
  },
  {
    "id": "ac840564-e49e-4b2c-9011-5eadfaa65def",
    "data": [
      {
        "text": "navigation",
        "userDefined": false
      }
    ],
    "isTemplate": false,
    "count": 0,
    "lang": "en",
    "updated": 0
  },
  {
    "id": "0aaa94ad-c794-4e45-a376-1df925bc8302",
    "data": [
      {
        "text": "How did you navigate between the sections of the app",
        "userDefined": false
      }
    ],
    "isTemplate": false,
    "count": 0,
    "lang": "en",
    "updated": 0
  },
  {
    "id": "85f4728a-543b-4b1c-a80f-da90ae597c19",
    "data": [
      {
        "text": "how do you navigate",
        "userDefined": false
      }
    ],
    "isTemplate": false,
    "count": 0,
    "lang": "en",
    "updated": 0
  },
  {
    "id": "04e185b1-a7d6-404a-9333-8246cfd12f58",
    "data": [
      {
        "text": "How do I navigate",
        "userDefined": false
      }
    ],
    "isTemplate": false,
    "count": 0,
    "lang": "en",
    "updated": 0
  },
  {
    "id": "ea3a7c72-1b56-4eb9-8bce-a0b28dafa1fb",
    "data": [
      {
        "text": "How do I go to the sections of the app",
        "userDefined": false
      }
    ],
    "isTemplate": false,
    "count": 0,
    "lang": "en",
    "updated": 0
  },
  {
    "id": "0f1b2931-aac9-4ead-adf1-7bd2fb995051",
    "data": [
      {
        "text": "How to navigate in the app",
        "userDefined": false
      }
    ],
    "isTemplate": false,
    "count": 0,
    "lang": "en",
    "updated": 0
  }
]