[
  {
    "id": "5dcbee45-7572-4d7f-a289-1a697d707f8d",
    "data": [
      {
        "text": "How do I use the functions",
        "userDefined": false
      }
    ],
    "isTemplate": false,
    "count": 0,
    "lang": "en",
    "updated": 0
  },
  {
    "id": "92a136e9-8f44-4b58-b0dd-46b5e1facf9b",
    "data": [
      {
        "text": "how to access the other functions of the app",
        "userDefined": false
      }
    ],
    "isTemplate": false,
    "count": 0,
    "lang": "en",
    "updated": 0
  },
  {
    "id": "cd6692d9-7741-4dd0-b1aa-9ab460279799",
    "data": [
      {
        "text": "How do I use the other functions of the app",
        "userDefined": false
      }
    ],
    "isTemplate": false,
    "count": 0,
    "lang": "en",
    "updated": 0
  },
  {
    "id": "740b7840-95e9-49e7-86f1-4dfaeef3ec5f",
    "data": [
      {
        "text": "How do I use the app\u0027s functions",
        "userDefined": false
      }
    ],
    "isTemplate": false,
    "count": 0,
    "lang": "en",
    "updated": 0
  },
  {
    "id": "027a07f0-fd0a-4bbd-973b-ef20b960ca61",
    "data": [
      {
        "text": "How do I access the extra functions of the app",
        "userDefined": false
      }
    ],
    "isTemplate": false,
    "count": 0,
    "lang": "en",
    "updated": 0
  }
]