[
  {
    "id": "8316368f-1c9d-47c2-ad76-efd098752006",
    "data": [
      {
        "text": "What other functions does the app have",
        "userDefined": false
      }
    ],
    "isTemplate": false,
    "count": 0,
    "lang": "en",
    "updated": 0
  },
  {
    "id": "5a00a8e4-88a4-45cf-8917-d622eeeb49b7",
    "data": [
      {
        "text": "What else does the app do",
        "userDefined": false
      }
    ],
    "isTemplate": false,
    "count": 0,
    "lang": "en",
    "updated": 0
  },
  {
    "id": "8455c883-9a8a-4289-a998-ce04075d7adb",
    "data": [
      {
        "text": "What other tools does the app have",
        "userDefined": false
      }
    ],
    "isTemplate": false,
    "count": 0,
    "lang": "en",
    "updated": 0
  },
  {
    "id": "9590abad-f31a-4c3a-a007-cc78c6329c89",
    "data": [
      {
        "text": "What utilities does the app have",
        "userDefined": false
      }
    ],
    "isTemplate": false,
    "count": 0,
    "lang": "en",
    "updated": 0
  }
]