[
  {
    "id": "51fd5a83-5726-4bab-aec1-a46329423787",
    "data": [
      {
        "text": "add task",
        "userDefined": false
      }
    ],
    "isTemplate": false,
    "count": 0,
    "lang": "en",
    "updated": 0
  },
  {
    "id": "e9ea203a-5d78-403c-9925-318ec0dd6f9c",
    "data": [
      {
        "text": "how add task",
        "userDefined": false
      }
    ],
    "isTemplate": false,
    "count": 0,
    "lang": "en",
    "updated": 0
  },
  {
    "id": "6f8c3c75-a81b-4a52-883d-8c87dcd1eaeb",
    "data": [
      {
        "text": "how add a task",
        "userDefined": false
      }
    ],
    "isTemplate": false,
    "count": 0,
    "lang": "en",
    "updated": 0
  },
  {
    "id": "956394f6-dd9a-4b1c-8f53-9945db94a2be",
    "data": [
      {
        "text": "How do I ",
        "userDefined": false
      },
      {
        "text": "add",
        "userDefined": true
      },
      {
        "text": " a ",
        "userDefined": false
      },
      {
        "text": "task",
        "userDefined": true
      }
    ],
    "isTemplate": false,
    "count": 0,
    "lang": "en",
    "updated": 0
  }
]