[
  {
    "id": "bf2dc33c-f92f-4667-8639-6096e79fbe97",
    "data": [
      {
        "text": "edit task",
        "userDefined": false
      }
    ],
    "isTemplate": false,
    "count": 0,
    "lang": "en",
    "updated": 0
  },
  {
    "id": "b217b2b4-d5dc-416e-b18b-3eb84cfcd47a",
    "data": [
      {
        "text": "how edit task",
        "userDefined": false
      }
    ],
    "isTemplate": false,
    "count": 0,
    "lang": "en",
    "updated": 0
  },
  {
    "id": "728a8a57-52ec-411b-a3b5-9f6febf73cb4",
    "data": [
      {
        "text": "how edit a task",
        "userDefined": false
      }
    ],
    "isTemplate": false,
    "count": 0,
    "lang": "en",
    "updated": 0
  },
  {
    "id": "5ffee2a3-1eb6-4775-997a-8192b80c6f51",
    "data": [
      {
        "text": "How do I edit a task",
        "userDefined": false
      }
    ],
    "isTemplate": false,
    "count": 0,
    "lang": "en",
    "updated": 0
  }
]