[
  {
    "id": "f2aa715d-da5b-489c-9c3c-5896aad12cb3",
    "data": [
      {
        "text": "delete task",
        "userDefined": false
      }
    ],
    "isTemplate": false,
    "count": 0,
    "lang": "en",
    "updated": 0
  },
  {
    "id": "2ef165a3-3c72-4a86-9ec1-c73b876e3d21",
    "data": [
      {
        "text": "how delete task",
        "userDefined": false
      }
    ],
    "isTemplate": false,
    "count": 0,
    "lang": "en",
    "updated": 0
  },
  {
    "id": "a0779faa-7832-42cd-8cd2-ac9bacbe1cc5",
    "data": [
      {
        "text": "how delete a task",
        "userDefined": false
      }
    ],
    "isTemplate": false,
    "count": 0,
    "lang": "en",
    "updated": 0
  },
  {
    "id": "2d5484f2-7940-41c7-8cca-8c6caf5d9789",
    "data": [
      {
        "text": "how to delete a task",
        "userDefined": false
      }
    ],
    "isTemplate": false,
    "count": 0,
    "lang": "en",
    "updated": 0
  }
]